model,k,hits_at_k,precision_at_k
Bert4Rec,10,0.085,0.007205358693764114
Bert4Rec,25,0.1599,0.00513114469341671
Bert4Rec,50,0.2412,0.003856826472120896
