model,k,hits_at_k,precision_at_k
Markov Chain,3,0.03379581379190551,0.011265271263968504
Markov Chain,5,0.046367465693937814,0.009273493138787564
Markov Chain,10,0.07205358693764113,0.007205358693764114
Markov Chain,25,0.12827861733541776,0.00513114469341671
Markov Chain,50,0.1928413236060448,0.003856826472120896
